<database>
	<topic>
		<title><![CDATA[ <h2>About Databases</h2> ]]></title>
		<text>
			A database is an organized collection of data. The data is typically organized to model aspects of reality in a way that supports processes requiring information. For example, modelling the availability of rooms in hotels in a way that supports finding a hotel with vacancies.
		</text>
	</topic>
	<topic>
		<title><![CDATA[ <h2>DBMS</h2> ]]></title>
		<text>
			Database management systems (DBMSs) are computer software applications that interact with the user, other applications, and the database itself to capture and analyze data. A general-purpose DBMS is designed to allow the definition, creation, querying, update, and administration of databases. Well-known DBMSs include MySQL, PostgreSQL, Microsoft SQL Server, Oracle, SAP and IBM DB2. A database is not generally portable across different DBMSs, but different DBMSs can interoperate by using standards such as SQL and ODBC or JDBC to allow a single application to work with more than one DBMS. Database management systems are often classified according to the database model that they support; the most popular database systems since the 1980s have all supported the relational model as represented by the SQL language. Sometimes a DBMS is loosely referred to as a 'database'.
		</text>
	</topic>
	<topic>
		<title><![CDATA[<h2>History</h2>]]></title>
		<text>
		Following the technology progress in the areas of processors, computer memory, computer storage and computer networks, the sizes, capabilities, and performance of databases and their respective DBMSs have grown in orders of magnitude. The development of database technology can be divided into three eras based on data model or structure: navigational, SQL/relational, and post-relational.

		The two main early navigational data models were the hierarchical model, epitomized by IBM's IMS system, and the CODASYL model (network model), implemented in a number of products such as IDMS.
		</text>
	</topic>
	<topic>
		<title><![CDATA[ <h2>Design and Modeling</h2> ]]></title>
		<text>
			The first task of a database designer is to produce a conceptual data model that reflects the structure of the information to be held in the database. A common approach to this is to develop an entity-relationship model, often with the aid of drawing tools. Another popular approach is the Unified Modeling Language. A successful data model will accurately reflect the possible state of the external world being modeled: for example, if people can have more than one phone number, it will allow this information to be captured. Designing a good conceptual data model requires a good understanding of the application domain; it typically involves asking deep questions about the things of interest to an organisation, like "can a customer also be a supplier?", or "if a product is sold with two different forms of packaging, are those the same product or different products?", or "if a plane flies from New York to Dubai via Frankfurt, is that one flight or two (or maybe even three)?". The answers to these questions establish definitions of the terminology used for entities (customers, products, flights, flight segments) and their relationships and attributes.
		</text>
	</topic>
	<source>
		<![CDATA[ <a href="http://en.wikipedia.org/wiki/Database">Sourced from here</a>]]>
	</source>
</database>
